name, domain, age, city
Amanda Guzman,cez.bn,21,Podipow
Addie Butler,vadzajani.ao,65,Beugauj
Jane McGee,judaive.tf,35,Ebsojwu
Jayden Sutton,nejerurak.zw,61,Aliinejaw
Olive Allison,ike.st,65,Abvibsuf
Clifford Parker,go.mg,28,Acjepuf
Henry Rios,tiama.sy,60,Zapacaune
Juan Knight,uruwar.si,24,Idpemir
Jesus Wells,cul.hk,21,Hakfikcuv
Cora Watson,nifiv.hk,24,Tojvogzew
Mayme Hunt,umkuaj.bn,60,Judvocpo
Minnie Caldwell,ore.gq,47,Zipleren
Lilly Lindsey,tozcirow.ca,61,Vokelef
Kathryn Torres,dorelup.mm,63,Meogituc
Steven Taylor,ciw.eg,53,Rotmezmed
Gary Allen,soglewib.cv,52,Uhopajo
Verna Moody,nu.st,60,Uhoomekaf
Marie Patterson,luwfe.tz,48,Vofjorez
Lillie Simmons,hagi.fm,20,Bototek
Sarah Morris,hofte.zm,22,Obagba
Eric Fowler,seriw.is,34,Lehhefho
Marguerite Romero,si.tj,59,Topibu
Clara Brooks,gihbuzsez.je,31,Taabefot
Edward Diaz,eda.il,55,Palonfi
Alex Carroll,kuw.am,26,Jirjubmo
Carolyn Harmon,ger.no,23,Rimerode
Jeanette Obrien,hog.cv,25,Memhacod
Zachary Thompson,kizwumo.tv,25,Maklujsaj
Albert McCoy,zup.gy,18,Uzgujjoh
Rodney Perry,tiv.tj,59,Vuzive
Aiden Santiago,caghuj.ax,23,Lucibu
Loretta Andrews,vunve.be,40,Nijuan
Marian Singleton,tu.za,45,Igaibpet
Antonio Saunders,da.bf,50,Ipiuceweg
Kate Williams,su.us,56,Rellajkap
Jeffery Lane,te.sl,27,Ehiheggo
Lucinda Willis,zedutzez.sv,44,Hewjifvig
Jared Dean,konuto.se,64,Rikehi
Lina Perez,ubref.ms,65,Juiwpe
Corey McGuire,hu.id,59,Vucelveg
Elijah McDaniel,bi.et,54,Ponokti
Patrick Phelps,doh.ee,56,Wapokeb
Bryan Munoz,hah.ng,51,Decotvi
Ella Rios,amafafvoz.be,33,Apwidu
Marc Woods,bumreume.id,61,Kenbepva
Bernice Cobb,ejote.ve,42,Mibdupha
Agnes Hamilton,kunik.gf,31,Icocehro
Theodore Rodriquez,weddo.hr,54,Wotlezcec
Florence Fernandez,dagrag.im,44,Neenunab
Roy Price,mimiwog.mc,46,Buzzaldon
Lottie Moss,rum.sy,31,Eheugbes
Mayme Kennedy,opo.com,61,Vunjinaf
Kenneth Cross,ge.se,44,Hiwwemit
Jeff Stephens,luteme.mm,54,Piptomo
Dale Greene,coburug.ng,56,Cidcibgim
Minerva Edwards,cabeb.na,48,Zakcunepi
Cora Andrews,sus.sk,45,Remasvu
Louisa Hardy,norev.qa,29,Viwuhenuf
Isabella McDaniel,cez.ec,20,Duwutot
Caleb Obrien,gi.eu,54,Cunonefug
Belle Vaughn,idawajo.is,58,Pibela
Leona Young,ce.et,39,Gepreopo
Elnora Jackson,mis.rs,38,Fijsecil
Maud Brown,leheza.va,32,Dieweij
Erik Hubbard,ro.aw,41,Okarocguv
Sean Lawson,mi.bf,50,Woriir
Patrick Lloyd,voha.fr,47,Luwagege
Trevor Fuller,jomu.jo,51,Wepupzak
Vera Walton,ve.gu,39,Vawegve
Kevin Palmer,miwte.al,49,Ejnaaki
Bertie Robinson,pizcupef.je,49,Hovkusdah
Derrick Fernandez,fados.sb,45,Veidebeh
Eddie Holland,etvap.mg,56,Lanaja
Tommy Wallace,ewiwes.gg,54,Bewobak
Dollie Salazar,wi.wf,26,Jomweuz
Tom Gregory,diemba.kz,26,Ojekaduwa
Nell Sims,wef.cc,54,Hoslabtic
Ida Greene,cofru.ba,26,Vimengi
Rosie Holt,cu.ar,64,Egoojopaz
Catherine Harper,ana.vi,58,Zebfanem
Sylvia Warner,ume.ad,23,Bozmapos
Irene McGuire,ologow.ls,53,Wobzisum
Myrtle Harmon,ki.kn,47,Jokarba
Leon Sims,ciek.nz,37,Bilolles
Jerry Waters,neutesi.lc,24,Mefasetu
Benjamin Moody,jijda.cy,40,Pirirog
Logan White,nonuh.gt,56,Kamogi
Rose Houston,puremoc.ao,52,Veriddo
Kate Potter,vu.es,55,Ebtekje
Andrew Hammond,liwebolu.bs,44,Nukikka
Terry Rhodes,juuwzov.dj,60,Negeal
Danny Harvey,giszule.kg,60,Cucafu
Dora Doyle,ukjail.jo,64,Avripoc
Flora Perry,ni.pt,62,Keenke
Anne Munoz,helwid.sh,20,Rosokube
Chad Morris,guere.eg,33,Ludirwa
Lucille Hughes,bas.mc,38,Votapeko
Sally Hamilton,zejuhet.fk,63,Abvubjut
Francisco Long,ohatul.sr,29,Mewgepiw
Tillie Reed,lopog.eh,63,Sehuwikaf
