name,domain,age,age_range,city
Amanda Guzman,cez.bn,21,21-30,Podipow
Addie Butler,vadzajani.ao,65,41+,Beugauj
Jane McGee,judaive.tf,35,31-40,Ebsojwu
Jayden Sutton,nejerurak.zw,61,41+,Aliinejaw
Olive Allison,ike.st,65,41+,Abvibsuf
Clifford Parker,go.mg,28,21-30,Acjepuf
Henry Rios,tiama.sy,60,41+,Zapacaune
Juan Knight,uruwar.si,24,21-30,Idpemir
Jesus Wells,cul.hk,21,21-30,Hakfikcuv
Cora Watson,nifiv.hk,24,21-30,Tojvogzew
Mayme Hunt,umkuaj.bn,60,41+,Judvocpo
Minnie Caldwell,ore.gq,47,41+,Zipleren
Lilly Lindsey,tozcirow.ca,61,41+,Vokelef
Kathryn Torres,dorelup.mm,63,41+,Meogituc
Steven Taylor,ciw.eg,53,41+,Rotmezmed
Gary Allen,soglewib.cv,52,41+,Uhopajo
Verna Moody,nu.st,60,41+,Uhoomekaf
Marie Patterson,luwfe.tz,48,41+,Vofjorez
Lillie Simmons,hagi.fm,20,11-20,Bototek
Sarah Morris,hofte.zm,22,21-30,Obagba
Eric Fowler,seriw.is,34,31-40,Lehhefho
Marguerite Romero,si.tj,59,41+,Topibu
Clara Brooks,gihbuzsez.je,31,31-40,Taabefot
Edward Diaz,eda.il,55,41+,Palonfi
Alex Carroll,kuw.am,26,21-30,Jirjubmo
Carolyn Harmon,ger.no,23,21-30,Rimerode
Jeanette Obrien,hog.cv,25,21-30,Memhacod
Zachary Thompson,kizwumo.tv,25,21-30,Maklujsaj
Albert McCoy,zup.gy,18,11-20,Uzgujjoh
Rodney Perry,tiv.tj,59,41+,Vuzive
Aiden Santiago,caghuj.ax,23,21-30,Lucibu
Loretta Andrews,vunve.be,40,31-40,Nijuan
Marian Singleton,tu.za,45,41+,Igaibpet
Antonio Saunders,da.bf,50,41+,Ipiuceweg
Kate Williams,su.us,56,41+,Rellajkap
Jeffery Lane,te.sl,27,21-30,Ehiheggo
Lucinda Willis,zedutzez.sv,44,41+,Hewjifvig
Jared Dean,konuto.se,64,41+,Rikehi
Lina Perez,ubref.ms,65,41+,Juiwpe
Corey McGuire,hu.id,59,41+,Vucelveg
Elijah McDaniel,bi.et,54,41+,Ponokti
Patrick Phelps,doh.ee,56,41+,Wapokeb
Bryan Munoz,hah.ng,51,41+,Decotvi
Ella Rios,amafafvoz.be,33,31-40,Apwidu
Marc Woods,bumreume.id,61,41+,Kenbepva
Bernice Cobb,ejote.ve,42,41+,Mibdupha
Agnes Hamilton,kunik.gf,31,31-40,Icocehro
Theodore Rodriquez,weddo.hr,54,41+,Wotlezcec
Florence Fernandez,dagrag.im,44,41+,Neenunab
Roy Price,mimiwog.mc,46,41+,Buzzaldon
Lottie Moss,rum.sy,31,31-40,Eheugbes
Mayme Kennedy,opo.com,61,41+,Vunjinaf
Kenneth Cross,ge.se,44,41+,Hiwwemit
Jeff Stephens,luteme.mm,54,41+,Piptomo
Dale Greene,coburug.ng,56,41+,Cidcibgim
Minerva Edwards,cabeb.na,48,41+,Zakcunepi
Cora Andrews,sus.sk,45,41+,Remasvu
Louisa Hardy,norev.qa,29,21-30,Viwuhenuf
Isabella McDaniel,cez.ec,20,11-20,Duwutot
Caleb Obrien,gi.eu,54,41+,Cunonefug
Belle Vaughn,idawajo.is,58,41+,Pibela
Leona Young,ce.et,39,31-40,Gepreopo
Elnora Jackson,mis.rs,38,31-40,Fijsecil
Maud Brown,leheza.va,32,31-40,Dieweij
Erik Hubbard,ro.aw,41,41+,Okarocguv
Sean Lawson,mi.bf,50,41+,Woriir
Patrick Lloyd,voha.fr,47,41+,Luwagege
Trevor Fuller,jomu.jo,51,41+,Wepupzak
Vera Walton,ve.gu,39,31-40,Vawegve
Kevin Palmer,miwte.al,49,41+,Ejnaaki
Bertie Robinson,pizcupef.je,49,41+,Hovkusdah
Derrick Fernandez,fados.sb,45,41+,Veidebeh
Eddie Holland,etvap.mg,56,41+,Lanaja
Tommy Wallace,ewiwes.gg,54,41+,Bewobak
Dollie Salazar,wi.wf,26,21-30,Jomweuz
Tom Gregory,diemba.kz,26,21-30,Ojekaduwa
Nell Sims,wef.cc,54,41+,Hoslabtic
Ida Greene,cofru.ba,26,21-30,Vimengi
Rosie Holt,cu.ar,64,41+,Egoojopaz
Catherine Harper,ana.vi,58,41+,Zebfanem
Sylvia Warner,ume.ad,23,21-30,Bozmapos
Irene McGuire,ologow.ls,53,41+,Wobzisum
Myrtle Harmon,ki.kn,47,41+,Jokarba
Leon Sims,ciek.nz,37,31-40,Bilolles
Jerry Waters,neutesi.lc,24,21-30,Mefasetu
Benjamin Moody,jijda.cy,40,31-40,Pirirog
Logan White,nonuh.gt,56,41+,Kamogi
Rose Houston,puremoc.ao,52,41+,Veriddo
Kate Potter,vu.es,55,41+,Ebtekje
Andrew Hammond,liwebolu.bs,44,41+,Nukikka
Terry Rhodes,juuwzov.dj,60,41+,Negeal
Danny Harvey,giszule.kg,60,41+,Cucafu
Dora Doyle,ukjail.jo,64,41+,Avripoc
Flora Perry,ni.pt,62,41+,Keenke
Anne Munoz,helwid.sh,20,11-20,Rosokube
Chad Morris,guere.eg,33,31-40,Ludirwa
Lucille Hughes,bas.mc,38,31-40,Votapeko
Sally Hamilton,zejuhet.fk,63,41+,Abvubjut
Francisco Long,ohatul.sr,29,21-30,Mewgepiw
Tillie Reed,lopog.eh,63,41+,Sehuwikaf
